"dates","Open","High","Low","Close","Volume","OpenInt","TotalOpenInt"
"2010-11-12",0,1093.5,1093.5,1093.5,0,0,636147
"2010-11-15",0,1107,1107,1107,0,0,636604
"2010-11-16",0,1067,1067,1067,0,0,628018
"2010-11-17",0,1054,1054,1054,0,0,617458
"2010-11-18",0,1081.25,1081.25,1081.25,0,0,612503
"2010-11-19",0,1067,1067,1067,0,0,614816
"2010-11-22",0,1075.25,1075.25,1075.25,0,0,615803
"2010-11-23",0,1088.25,1088.25,1088.25,0,0,621891
"2010-11-24",0,1105,1105,1105,0,0,622647
"2010-11-25",0,1105,1105,1105,0,0,0
"2010-11-26",0,1097.5,1097.5,1097.5,0,0,625531
"2010-11-29",0,1096,1096,1096,0,0,629228
"2010-11-30",0,1100,1100,1100,0,0,629641
"2010-12-01",0,1132,1132,1132,0,0,631521
"2010-12-02",0,1131,1131,1131,0,0,637044
"2010-12-03",0,1135,1135,1135,0,0,635581
"2010-12-06",0,1139.5,1139.5,1139.5,0,0,637187
"2010-12-07",0,1144,1144,1144,0,0,631450
"2010-12-08",0,1154,1154,1154,0,0,631786
"2010-12-09",0,1140.25,1140.25,1140.25,0,0,632093
"2010-12-10",0,1139.5,1139.5,1139.5,0,0,627974
"2010-12-13",0,1166.5,1166.5,1166.5,0,0,639740
"2010-12-14",0,1156,1156,1156,0,0,641380
"2010-12-15",0,1154.5,1154.5,1154.5,0,0,643172
"2010-12-16",0,1151,1151,1151,0,0,650096
"2010-12-17",0,1167.75,1167.75,1167.75,0,0,649436
"2010-12-20",0,1177,1177,1177,0,0,650720
"2010-12-21",0,1179,1179,1179,0,0,656932
"2010-12-22",0,1179.25,1179.25,1179.25,0,0,660862
"2010-12-23",0,1194,1194,1194,0,0,661077
"2010-12-24",0,1194,1194,1194,0,0,0
"2010-12-27",0,1203.25,1203.25,1203.25,0,0,662034
"2010-12-28",0,1204.25,1204.25,1204.25,0,0,656652
"2010-12-29",0,1203.25,1203.25,1203.25,0,0,646355
"2010-12-30",0,1216.5,1216.5,1216.5,0,0,638635
"2010-12-31",0,1231.5,1231.5,1231.5,0,0,628389
"2011-01-03",0,1212.25,1212.25,1212.25,0,0,629399
"2011-01-04",0,1194,1194,1194,0,0,625584
"2011-01-05",0,1212,1212,1212,0,0,622609
"2011-01-06",0,1207.5,1207.5,1207.5,0,0,626285
"2011-01-07",0,1205,1205,1205,0,0,619912
"2011-01-10",0,1205,1205,1205,0,0,617497
"2011-01-11",0,1189,1189,1189,0,0,623778
"2011-01-12",0,1200,1200,1200,0,0,623205
"2011-01-13",0,1197,1197,1197,0,0,631594
"2011-01-14",0,1202,1202,1202,1,1,642515
"2011-01-17",0,1202,1202,1202,0,0,0
"2011-01-18",0,1192,1192,1192,0,1,646246
"2011-01-19",0,1196,1196,1196,0,1,654378
"2011-01-20",0,1202.75,1202.75,1202.75,0,1,658882
"2011-01-21",0,1211,1211,1211,0,1,660339
"2011-01-24",0,1205.75,1205.75,1205.75,0,1,662135
"2011-01-25",0,1187,1187,1187,0,1,656305
"2011-01-26",0,1203,1203,1203,0,1,650122
"2011-01-27",0,1203,1203,1203,0,1,656493
"2011-01-28",0,1204,1204,1204,0,1,660596
"2011-01-31",0,1220,1220,1220,0,1,662077
"2011-02-01",0,1234,1234,1234,0,1,667874
"2011-02-02",0,1229,1229,1229,0,1,677851
"2011-02-03",0,1226.5,1226.5,1226.5,0,1,686598
"2011-02-04",0,1230,1230,1230,0,1,690887
"2011-02-07",0,1229,1229,1229,0,1,699400
"2011-02-08",0,1237,1237,1237,0,1,697263
"2011-02-09",0,1239,1239,1239,0,1,698094
"2011-02-10",0,1229,1229,1229,0,1,703682
"2011-02-11",0,1225,1225,1225,0,1,704913
"2011-02-14",0,1216.75,1216.75,1216.75,0,1,701830
"2011-02-15",0,1204,1204,1204,0,1,700839
"2011-02-16",0,1204.5,1204.5,1204.5,0,1,698764
"2011-02-17",0,1239,1239,1239,0,1,690781
"2011-02-18",0,1207.5,1207.5,1207.5,0,1,681485
"2011-02-21",0,1207.5,1207.5,1207.5,0,0,0
"2011-02-22",0,1149,1149,1149,0,1,649459
"2011-02-23",0,1168,1168,1168,0,1,638392
"2011-02-24",0,1168.25,1168.25,1168.25,0,1,627370
"2011-02-25",0,1192,1192,1192,0,1,623526
"2011-02-28",0,1189,1189,1189,0,1,618719
"2011-03-01",0,1192.5,1192.5,1192.5,0,1,612246
"2011-03-02",0,1199.25,1199.25,1199.25,0,1,612668
"2011-03-03",0,1204,1204,1204,0,1,612285
"2011-03-04",0,1212,1212,1212,0,1,614600
"2011-03-07",0,1215,1215,1215,0,1,618563
"2011-03-08",0,1210,1210,1210,0,1,619123
"2011-03-09",0,1184,1184,1184,0,1,617315
"2011-03-10",0,1180.5,1180.5,1180.5,0,1,616231
"2011-03-11",1180,1180,1160.5,1160.5,0,1,620729
"2011-03-14",0,1171.5,1171.5,1171.5,1,1,620556
"2011-03-15",0,1125.5,1125.5,1125.5,0,1,620192
"2011-03-16",0,1132.5,1132.5,1132.5,0,1,623278
"2011-03-17",0,1182.5,1182.5,1182.5,0,1,620745
"2011-03-18",0,1195.25,1195.25,1195.25,0,1,611402
"2011-03-21",0,1212.25,1212.25,1212.25,0,1,614224
"2011-03-22",0,1210.75,1210.75,1210.75,0,1,613680
"2011-03-23",0,1204.75,1204.75,1204.75,0,1,616043
"2011-03-24",0,1216.75,1216.75,1216.75,0,1,617532
"2011-03-25",0,1226.5,1226.5,1226.5,0,1,618579
"2011-03-28",0,1223,1223,1223,0,1,617943
"2011-03-29",0,1235.5,1235.5,1235.5,0,1,615727
"2011-03-30",0,1245.5,1245.5,1245.5,0,1,618462
"2011-03-31",0,1277.5,1277.5,1277.5,0,1,623265
"2011-04-01",0,1278.5,1278.5,1278.5,0,1,636556
"2011-04-04",0,1279,1279,1279,0,1,637734
"2011-04-05",0,1273.75,1273.75,1273.75,0,1,637255
"2011-04-06",0,1267,1267,1267,0,1,634185
"2011-04-07",0,1264,1264,1264,0,1,643311
"2011-04-08",0,1291,1291,1291,0,1,640224
"2011-04-11",0,1274,1274,1274,0,1,649596
"2011-04-12",0,1260,1260,1260,0,1,644423
"2011-04-13",0,1277.25,1277.25,1277.25,0,1,636592
"2011-04-14",0,1281.75,1281.75,1281.75,0,1,631631
"2011-04-15",0,1267.75,1267.75,1267.75,0,1,633672
"2011-04-18",0,1275.25,1275.25,1275.25,0,1,634776
"2011-04-19",0,1282,1282,1282,0,1,634523
"2011-04-20",0,1287,1287,1287,0,1,636039
"2011-04-21",0,1301,1301,1301,0,1,636641
"2011-04-22",0,1301,1301,1301,0,0,0
"2011-04-25",0,1299,1299,1299,0,1,620690
"2011-04-26",0,1301,1301,1301,0,1,604356
"2011-04-27",0,1293.25,1293.25,1293.25,0,1,593568
"2011-04-28",0,1269,1269,1269,0,1,587043
"2011-04-29",0,1294,1294,1294,0,1,577768
"2011-05-02",0,1290,1290,1290,0,1,572958
"2011-05-03",0,1277,1277,1277,0,1,574018
"2011-05-04",0,1264.5,1264.5,1264.5,0,1,571504
"2011-05-05",0,1241,1241,1241,0,1,560079
"2011-05-06",0,1223.25,1223.25,1223.25,0,1,565330
"2011-05-09",0,1243.25,1243.25,1243.25,0,1,561628
"2011-05-10",0,1243.5,1243.5,1243.5,0,1,557498
"2011-05-11",0,1245,1245,1245,0,1,551624
"2011-05-12",0,1241,1241,1241,0,1,554411
"2011-05-13",0,1228.75,1228.75,1228.75,0,1,552776
"2011-05-16",0,1232,1232,1232,0,1,551314
"2011-05-17",0,1247,1247,1247,0,1,546857
"2011-05-18",0,1277,1277,1277,0,1,545194
"2011-05-19",1290,1290,1277,1277,0,1,547693
"2011-05-20",0,1280.5,1280.5,1280.5,1,1,549946
"2011-05-23",0,1280.25,1280.25,1280.25,0,1,553074
"2011-05-24",0,1286,1286,1286,0,1,552951
"2011-05-25",0,1297.5,1297.5,1297.5,0,1,554958
"2011-05-26",0,1303.75,1303.75,1303.75,0,1,561129
"2011-05-27",0,1299.5,1299.5,1299.5,0,1,573556
"2011-05-30",0,1299.5,1299.5,1299.5,0,0,0
"2011-05-31",0,1297.75,1297.75,1297.75,0,1,575685
"2011-06-01",0,1299.25,1299.25,1299.25,0,1,578374
"2011-06-02",0,1307.5,1307.5,1307.5,0,1,579734
"2011-06-03",1315,1315,1312.5,1312.5,0,1,599333
"2011-06-06",0,1285.75,1285.75,1285.75,1,2,604832
"2011-06-07",0,1305.5,1305.5,1305.5,0,2,602803
"2011-06-08",0,1305.5,1305.5,1305.5,0,2,596873
"2011-06-09",0,1301,1301,1301,0,2,595731
"2011-06-10",0,1303.25,1303.25,1303.25,0,2,596329
"2011-06-13",0,1311.25,1311.25,1311.25,0,2,590259
"2011-06-14",0,1301.25,1301.25,1301.25,0,2,594294
"2011-06-15",1296,1296,1294.75,1294.75,0,2,599556
"2011-06-16",0,1278,1278,1278,2,3,591338
"2011-06-17",0,1275,1275,1275,0,3,594689
"2011-06-20",0,1281,1281,1281,0,3,595225
"2011-06-22",0,1274,1274,1274,0,3,592785
"2011-06-23",0,1261,1261,1261,0,3,588336
"2011-06-24",0,1256,1256,1256,0,3,583503
"2011-06-27",0,1256.25,1256.25,1256.25,0,3,590234
"2011-06-28",0,1256.25,1254.25,1256.25,0,3,544420
"2011-06-29",0,1265.25,1265.25,1265.25,0,3,530783
"2011-06-30",0,1249,1249,1249,0,3,525601
"2011-07-01",0,1256.5,1256.5,1256.5,0,3,523386
"2011-07-04",0,1256.5,1256.5,1256.5,0,0,0
"2011-07-05",0,1266.5,1266.5,1266.5,0,3,525380
"2011-07-06",0,1260.25,1260.25,1260.25,0,3,522466
"2011-07-07",0,1266.25,1266.25,1266.25,0,3,520615
"2011-07-08",0,1269.75,1269.75,1269.75,0,3,520365
"2011-07-11",0,1267,1267,1267,0,3,515622
"2011-07-12",0,1273.25,1273.25,1273.25,0,3,518620
"2011-07-13",0,1290,1290,1290,0,3,514256
"2011-07-14",0,1286,1286,1286,0,3,521852
"2011-07-15",0,1289.5,1289.5,1289.5,0,3,525734
"2011-07-18",0,1286.5,1286.5,1286.5,0,3,532714
"2011-07-19",0,1284.5,1284.5,1284.5,0,3,541503
"2011-07-20",0,1280.75,1280.75,1280.75,0,3,543107
"2011-07-21",0,1292.5,1292.5,1292.5,0,3,544424
"2011-07-22",0,1294.75,1294.75,1294.75,0,3,546314
"2011-07-25",0,1292,1292,1292,0,3,545999
"2011-07-26",0,1305,1305,1305,0,3,538970
"2011-07-27",0,1304,1304,1304,0,3,537567
"2011-07-28",0,1301.5,1301.5,1301.5,0,3,537925
"2011-07-29",0,1290,1290,1290,0,3,527288
"2011-08-01",0,1292,1292,1292,0,3,518246
"2011-08-02",0,1300.5,1300.5,1300.5,0,3,515730
"2011-08-03",0,1298.5,1298.5,1298.5,0,3,512382
"2011-08-04",0,1278.5,1278.5,1278.5,0,3,506932
"2011-08-05",0,1267.5,1267.5,1267.5,0,3,509062
"2011-08-08",0,1247.5,1247.5,1247.5,0,3,506089
"2011-08-09",0,1234.75,1234.75,1234.75,0,3,499781
"2011-08-10",0,1238.75,1238.75,1238.75,0,3,499832
"2011-08-11",0,1252.5,1252.5,1252.5,0,3,504644
"2011-08-12",0,1255.5,1255.5,1255.5,0,3,514100
"2011-08-15",0,1266.5,1266.5,1266.5,0,3,512744
"2011-08-16",0,1265.25,1265.25,1265.25,0,3,509403
"2011-08-17",0,1281.5,1281.5,1281.5,0,3,506884
"2011-08-18",0,1277,1277,1277,0,3,514514
"2011-08-19",0,1281.75,1281.75,1281.75,0,3,513007
"2011-08-22",0,1286,1286,1286,0,3,513702
"2011-08-23",0,1287.25,1287.25,1287.25,0,3,519524
"2011-08-24",0,1287.25,1287.25,1287.25,0,3,530817
"2011-08-25",0,1293.5,1293.5,1293.5,0,3,537439
"2011-08-26",0,1307,1307,1307,0,3,541105
"2011-08-29",0,1322,1322,1322,0,3,559639
"2011-08-31",0,1337,1337,1337,0,3,579932
"2011-09-01",0,1328,1328,1328,0,3,591491
"2011-09-02",0,1335,1335,1335,0,3,600441
"2011-09-05",0,1335,1335,1335,0,0,0
"2011-09-06",0,1334.5,1334.5,1334.5,0,3,607068
"2011-09-07",0,1342.5,1342.5,1342.5,0,3,598893
"2011-09-08",0,1336.5,1336.5,1336.5,0,3,598300
"2011-09-09",0,1344,1344,1344,0,3,597801
"2011-09-12",0,1320.5,1320.5,1320.5,0,3,606358
"2011-09-14",0,1318.25,1318.25,1318.25,0,3,605003
"2011-09-15",0,1308.5,1308.5,1308.5,0,3,605925
"2011-09-16",0,1305.5,1305.5,1305.5,0,3,597579
"2011-09-19",0,1292.5,1292.5,1292.5,0,3,595197
"2011-09-20",0,1295.25,1295.25,1295.25,0,3,588291
"2011-09-21",0,1282.5,1282.5,1282.5,0,3,584691
"2011-09-23",0,1240.5,1240.5,1240.5,0,3,584569
"2011-09-26",1244,1244,1244,1244,0,3,580182
"2011-09-27",0,1253,1253,1253,2,3,575621
"2011-09-28",0,1243,1243,1243,0,3,574925
"2011-09-29",0,1246,1246,1246,0,3,569910
"2011-09-30",1238,1238,1206,1206,0,3,565600
"2011-10-03",0,1202.75,1202.75,1202.75,1,4,570026
"2011-10-04",0,1190.5,1190.5,1190.5,0,4,569921
"2011-10-05",0,1192.75,1192.75,1192.75,0,4,573568
"2011-10-06",0,1190.75,1190.75,1190.75,0,4,569968
"2011-10-07",0,1183.25,1183.25,1183.25,0,4,573655
"2011-10-10",0,1199.5,1199.5,1199.5,0,4,573552
"2011-10-11",0,1230.75,1230.75,1230.75,0,4,575326
"2011-10-12",0,1235.75,1235.75,1235.75,0,4,570586
"2011-10-13",0,1240.5,1240.5,1240.5,0,4,575158
"2011-10-14",0,1252.25,1252.25,1252.25,0,4,581699
"2011-10-17",0,1234.25,1234.25,1234.25,0,4,580126
"2011-10-18",0,1233.75,1233.75,1233.75,0,4,583788
"2011-10-19",0,1213.75,1213.75,1213.75,0,4,589267
"2011-10-20",0,1217.75,1217.75,1217.75,0,4,590786
"2011-10-21",0,1214.25,1214.25,1214.25,0,4,587227
"2011-10-24",0,1232.25,1232.25,1232.25,0,4,598653
"2011-10-25",0,1234,1234,1234,0,4,556784
"2011-10-26",0,1223.25,1221.75,1221.75,0,4,542925
"2011-10-27",0,1244.75,1244.75,1244.75,0,4,534165
"2011-10-28",0,1231,1231,1231,0,4,529594
"2011-10-31",0,1220.25,1220.25,1220.25,0,4,529623
"2011-11-01",0,1231.25,1231.25,1231.25,0,0,0
"2011-11-02",0,1208.5,1208.5,1208.5,0,4,518804
"2011-11-03",0,1231.25,1231.25,1231.25,0,4,518769
"2011-11-04",0,1224.5,1224.5,1224.5,0,4,517994
"2011-11-07",0,1212.5,1212.5,1212.5,0,3,512242
"2011-11-08",0,1212.5,1212.5,1212.5,0,3,518954
"2011-11-09",0,1199.5,1199.5,1199.5,0,3,515823
"2011-11-10",0,1192.5,1192.5,1192.5,0,3,519381
"2011-11-11",0,1197.5,1197.5,1197.5,0,3,525210
"2011-11-14",0,1198,1198,1198,0,3,526393
"2011-11-15",0,1212.5,1212.5,1212.5,0,0,529055
"2011-11-16",0,1197.5,1197.5,1197.5,0,4,529416
"2011-11-17",0,1182.5,1182.5,1182.5,0,4,524575
"2011-11-18",0,1184.5,1184.5,1184.5,0,4,522937
"2011-11-21",0,1169.5,1169.5,1169.5,0,4,522365
"2011-11-22",0,1179.5,1179.5,1179.5,0,4,524358
"2011-11-23",0,1155,1155,1155,0,4,522610
"2011-11-24",0,1155,1155,1155,0,0,0
"2011-11-25",0,1138,1138,1138,0,4,515736
"2011-11-28",0,1154.5,1154.5,1154.5,0,4,517071
"2011-11-29",0,1160,1160,1160,0,4,517082
"2011-11-30",0,1165.75,1165.75,1165.75,0,4,522757
"2011-12-01",0,1166,1166,1166,0,4,525284
"2011-12-02",0,1173,1173,1173,0,4,527589
"2011-12-05",0,1167.25,1167.25,1167.25,0,4,530593
"2011-12-06",0,1171.75,1171.75,1171.75,0,4,535272
"2011-12-07",0,1171.75,1171.75,1171.75,0,4,541368
"2011-12-08",0,1173,1173,1173,0,4,544895
"2011-12-09",0,1152.5,1152.5,1152.5,0,4,548327
"2011-12-12",0,1154,1154,1154,0,4,559020
"2011-12-13",0,1159,1159,1159,0,4,556510
"2011-12-14",0,1139,1139,1139,0,4,558276
"2011-12-15",0,1147,1147,1147,0,4,553570
"2011-12-16",0,1166.5,1166.5,1166.5,0,4,551493
"2011-12-19",0,1173.5,1173.5,1173.5,0,4,546758
"2011-12-20",0,1181.75,1181.75,1181.75,0,4,545094
"2011-12-21",0,1191.5,1191.5,1191.5,0,4,532221
"2011-12-22",0,1193,1193,1193,0,4,524035
"2011-12-26",0,1193,1193,1193,0,0,0
"2011-12-27",0,1215,1215,1215,0,6,499315
"2011-12-28",0,1212,1212,1212,0,6,480006
"2011-12-29",0,1207.5,1207.5,1207.5,0,6,469947
"2011-12-30",0,1205,1205,1205,0,6,461919
"2012-01-02",0,1205,1205,1205,0,0,0
"2012-01-03",0,1217,1217,1217,0,6,459819
"2012-01-04",0,1216,1216,1216,0,6,460649
"2012-01-05",0,1205.75,1205.75,1205.75,0,6,461549
"2012-01-06",0,1203.5,1203.5,1203.5,0,6,460255
"2012-01-09",0,1220.5,1220.5,1220.5,0,6,460433
"2012-01-10",0,1218.5,1218.5,1218.5,0,6,458618
"2012-01-11",0,1203.5,1203.5,1203.5,0,6,460330
"2012-01-12",0,1193.5,1193.5,1193.5,0,6,466143
"2012-01-13",0,1180,1180,1180,0,6,477013
"2012-01-16",0,1180,1180,1180,0,0,0
"2012-01-17",0,1195,1195,1195,0,6,476936
"2012-01-18",0,1190,1190,1190,0,6,478025
"2012-01-19",0,1197,1197,1197,0,6,480009
"2012-01-20",0,1187,1187,1187,0,6,475999
"2012-01-23",0,1197,1197,1197,0,6,480177
"2012-01-24",0,1205,1205,1205,0,6,476206
"2012-01-25",0,1205.25,1205.25,1205.25,0,6,478304
"2012-01-26",0,1212.25,1212.25,1212.25,0,6,477413
"2012-01-27",0,1210.5,1210.5,1210.5,0,6,478936
"2012-01-30",0,1191.5,1191.5,1191.5,0,6,479421
"2012-01-31",0,1198.5,1198.5,1198.5,0,6,494541
"2012-02-01",0,1212.5,1212.5,1212.5,0,6,500591
"2012-02-02",0,1215.5,1215.5,1215.5,0,6,503856
"2012-02-03",0,1224.5,1224.5,1224.5,0,6,504392
"2012-02-06",0,1221.5,1221.5,1221.5,0,6,504695
"2012-02-07",0,1226.75,1226.75,1226.75,0,6,513079
"2012-02-08",0,1224.5,1224.5,1224.5,0,6,515752
"2012-02-09",0,1222.5,1222.5,1222.5,0,6,518439
"2012-02-10",0,1220,1220,1220,0,6,522051
"2012-02-13",0,1229.5,1229.5,1229.5,0,6,529016
"2012-02-14",0,1219,1219,1219,0,6,542713
"2012-02-15",0,1216.5,1216.5,1216.5,0,6,549098
"2012-02-16",0,1205.5,1205.5,1205.5,0,6,548801
"2012-02-17",0,1208.5,1208.5,1208.5,0,6,544792
"2012-02-20",0,1208.5,1208.5,1208.5,0,0,0
"2012-02-21",0,1216.5,1216.5,1216.5,0,6,548248
"2012-02-22",0,1221,1221,1221,0,6,544141
"2012-02-24",0,1223.75,1223.75,1223.75,0,6,550475
"2012-02-27",0,1230.5,1230.5,1230.5,0,6,538609
"2012-02-28",0,1231.5,1231.5,1231.5,0,6,537651
"2012-02-29",0,1236.5,1236.5,1236.5,0,6,540307
"2012-03-01",0,1239,1239,1239,0,6,548824
"2012-03-02",0,1235.5,1235.5,1235.5,0,6,551997
"2012-03-05",0,1223,1223,1223,0,6,555074
"2012-03-06",0,1225,1225,1225,0,6,558473
"2012-03-07",0,1228.75,1228.75,1228.75,0,6,568713
"2012-03-08",1232,1233.5,1232,1233.5,0,6,567056
"2012-03-09",0,1242,1242,1242,1,6,573366
"2012-03-12",0,1234,1234,1234,0,6,584244
"2012-03-13",0,1238.5,1238.5,1238.5,0,6,588528
"2012-03-14",0,1241.75,1241.75,1241.75,0,6,603316
"2012-03-15",0,1253,1253,1253,0,6,615504
"2012-03-16",0,1255.5,1255.5,1255.5,0,6,628880
"2012-03-19",0,1249.5,1249.5,1249.5,0,6,630683
"2012-03-20",0,1234.5,1234.5,1234.5,0,6,643335
"2012-03-21",0,1242,1242,1242,0,6,640010
"2012-03-22",0,1237,1237,1237,0,6,647054
"2012-03-23",0,1244.5,1244.5,1244.5,0,6,647873
"2012-03-26",0,1247.5,1247.5,1247.5,0,6,661772
"2012-03-27",0,1247.25,1247.25,1247.25,0,6,678977
"2012-03-28",0,1240.5,1240.5,1240.5,0,6,684579
"2012-03-29",0,1227.25,1227.25,1227.25,0,6,687979
"2012-03-30",1252,1252,1251.75,1251.75,0,6,689227
"2012-04-02",0,1265.75,1265.75,1265.75,2,6,720724
"2012-04-03",0,1269.75,1269.75,1269.75,0,6,742059
"2012-04-04",0,1268.25,1268.25,1268.25,0,6,753503
"2012-04-05",0,1266.5,1266.5,1266.5,0,6,768126
"2012-04-09",0,1267.25,1267.25,1267.25,0,6,779218
"2012-04-10",0,1251.25,1251.25,1251.25,0,6,782310
"2012-04-11",0,1248.25,1248.25,1248.25,0,6,786976
"2012-04-12",0,1261.25,1261.25,1261.25,0,6,784896
"2012-04-13",0,1248.75,1248.75,1248.75,0,6,789929
"2012-04-16",0,1244.5,1244.5,1244.5,0,6,796841
"2012-04-17",0,1251.5,1251.5,1251.5,0,6,799006
"2012-04-18",0,1237,1237,1237,0,6,811920
"2012-04-19",0,1243,1243,1243,0,6,811569
"2012-04-20",0,1246.5,1246.5,1246.5,0,6,817841
"2012-04-23",0,1237.75,1237.75,1237.75,0,6,815956
"2012-04-24",0,1241.25,1241.25,1241.25,0,6,811353
"2012-04-25",0,1249.25,1249.25,1249.25,0,6,815824
"2012-04-26",0,1240,1240,1240,0,6,813654
"2012-04-27",0,1241.25,1241.25,1241.25,0,6,800781
"2012-04-30",0,1253.25,1253.25,1253.25,0,6,797618
"2012-05-01",0,1229,1229,1229,0,0,0
"2012-05-02",0,1231,1231,1231,0,6,807123
"2012-05-03",0,1241,1241,1241,0,6,810246
"2012-05-04",0,1241.75,1241.75,1241.75,0,6,807369
"2012-05-07",0,1229,1229,1229,0,6,807314
"2012-05-08",0,1215,1215,1215,0,6,808932
"2012-05-09",1211,1211,1205,1205,0,6,798730
"2012-05-10",0,1212.25,1212.25,1212.25,2,6,790130
"2012-05-11",0,1181.25,1181.25,1181.25,0,6,795633
"2012-05-14",0,1163.75,1163.75,1163.75,0,6,788484
"2012-05-15",0,1176.25,1176.25,1176.25,0,6,788762
"2012-05-16",0,1170.25,1170.25,1170.25,0,6,790835
"2012-05-17",0,1174.5,1174.5,1174.5,0,6,791260
"2012-05-18",0,1165.25,1165.25,1165.25,0,6,781683
"2012-05-21",0,1185.25,1185.25,1185.25,0,6,778132
"2012-05-22",0,1172,1172,1172,0,6,775614
"2012-05-23",0,1153.5,1153.5,1153.5,0,6,776789
"2012-05-24",0,1173.25,1173.25,1173.25,0,6,775931
"2012-05-25",0,1178,1178,1178,0,6,774218
"2012-05-28",0,1178,1178,1178,0,0,0
"2012-05-29",0,1182.5,1182.5,1182.5,0,6,774281
"2012-05-30",0,1183.5,1183.5,1183.5,0,6,773982
"2012-05-31",0,1170.5,1170.5,1170.5,0,6,770865
"2012-06-01",0,1161.5,1161.5,1161.5,0,6,767786
"2012-06-04",0,1172.25,1172.25,1172.25,0,6,760602
"2012-06-05",0,1181.25,1181.25,1181.25,0,6,763614
"2012-06-06",0,1191.25,1191.25,1191.25,0,6,762748
"2012-06-07",0,1222.25,1222.25,1222.25,0,6,769403
"2012-06-08",1207.75,1212,1207.75,1212,0,6,762933
"2012-06-11",0,1208.75,1208.75,1208.75,2,6,762733
"2012-06-12",0,1208,1208,1208,0,6,762415
"2012-06-13",0,1198.75,1198.75,1198.75,0,6,771727
"2012-06-14",0,1190.75,1190.75,1190.75,0,6,775649
"2012-06-15",0,1196,1196,1196,0,6,775116
"2012-06-18",0,1212.75,1212.75,1212.75,0,6,772429
"2012-06-19",0,1243,1243,1243,0,6,771476
"2012-06-20",0,1254.5,1254.5,1254.5,0,6,783332
"2012-06-21",0,1232.5,1232.5,1232.5,0,6,786467
"2012-06-22",0,1235.5,1235.5,1235.5,0,6,773095
"2012-06-25",0,1265.75,1265.75,1265.75,0,6,774359
"2012-06-26",0,1256.5,1256.5,1256.5,0,6,769831
"2012-06-27",0,1252.25,1252.25,1252.25,0,6,767736
"2012-06-28",0,1247.25,1247.25,1247.25,0,6,765753
"2012-06-29",0,1267.5,1267.5,1267.5,4,8,764563
"2012-07-02",0,1284.25,1284.25,1284.25,0,8,769935
"2012-07-03",0,1302.75,1302.75,1302.75,0,8,773141
"2012-07-04",0,1302.75,1302.75,1302.75,0,0,0
"2012-07-05",1315.25,1322,1315.25,1322,0,8,775344
"2012-07-06",1307.75,1308,1307.75,1308,1,8,802740
"2012-07-09",1328,1328,1327.75,1327.75,2,8,799616
"2012-07-10",1325,1325,1324.25,1324.25,2,9,800506
"2012-07-11",0,1298.5,1298.5,1298.5,1,9,799500
"2012-07-12",0,1301.25,1301.25,1301.25,0,9,815115
"2012-07-13",0,1323.75,1323.75,1323.75,0,9,822467
"2012-07-16",0,1346,1346,1346,0,9,821605
"2012-07-17",0,1336.25,1336.25,1336.25,0,9,828300
"2012-07-18",0,1326.75,1326.75,1326.75,0,9,833271
"2012-07-19",0,1300.25,1300.25,1300.25,0,9,838137
"2012-07-20",0,1309.25,1309.25,1309.25,1,9,836188
"2012-07-23",0,1275,1275,1275,0,9,836413
"2012-07-24",0,1253.75,1253.75,1253.75,0,9,829972
"2012-07-25",0,1274.5,1274.5,1274.5,0,9,811596
"2012-07-26",0,1248,1248,1248,0,9,803124
"2012-07-27",0,1270,1270,1270,0,9,797713
"2012-07-30",0,1295,1295,1295,0,9,764150
"2012-07-31",0,1289.75,1289.75,1289.75,0,9,763147
"2012-08-01",0,1281.5,1281.5,1281.5,0,9,760359
"2012-08-02",0,1279,1279,1279,0,9,762624
"2012-08-03",0,1299.5,1299.5,1299.5,0,9,760686
"2012-08-06",0,1282.25,1282.25,1282.25,0,9,763054
"2012-08-07",0,1274,1274,1274,0,9,758262
"2012-08-08",0,1279.5,1279.5,1279.5,0,9,752907
"2012-08-09",0,1293.25,1293.25,1293.25,0,9,742942
"2012-08-10",0,1311.5,1311.5,1311.5,0,9,745363
"2012-08-13",0,1281.25,1281.25,1281.25,0,9,748899
"2012-08-14",0,1286.25,1286.25,1286.25,0,9,744752
"2012-08-15",0,1296.75,1296.75,1296.75,0,9,741621
"2012-08-16",0,1286.5,1286.5,1286.5,0,9,739198
"2012-08-17",0,1292.75,1292.75,1292.75,0,9,739615
"2012-08-20",0,1306.75,1306.75,1306.75,0,9,740510
"2012-08-21",1317.75,1334.75,1317.75,1334.75,0,9,742917
"2012-08-22",0,1338.25,1338.25,1338.25,46,39,755187
"2012-08-23",0,1325.25,1325.25,1325.25,0,39,753488
"2012-08-24",0,1333,1333,1333,3,40,757670
"2012-08-27",0,1331.75,1331.75,1331.75,0,40,747565
"2012-08-28",0,1347.25,1347.25,1347.25,0,40,741452
"2012-08-29",0,1357,1357,1357,0,40,742075
"2012-08-30",0,1360,1360,1360,0,40,740977
"2012-08-31",0,1363.75,1363.75,1363.75,0,40,747352
"2012-09-03",0,1363.75,1363.75,1363.75,0,0,0
"2012-09-04",0,1391,1391,1391,0,40,744916
"2012-09-05",0,1384.25,1384.25,1384.25,4,40,742719
"2012-09-06",0,1386.25,1386.25,1386.25,0,40,735456
"2012-09-07",0,1375.5,1375.5,1375.5,0,40,736796
"2012-09-10",0,1359.25,1359.25,1359.25,0,40,737904
"2012-09-11",1354.75,1356,1348.75,1348.75,0,40,733581
"2012-09-12",1350,1374.75,1350,1374.75,11,44,733037
"2012-09-13",0,1391,1391,1391,2,45,737841
"2012-09-14",0,1397,1397,1397,0,45,737335
"2012-09-17",0,1342.75,1342.75,1342.75,1,45,735746
"2012-09-18",1343,1352.25,1343,1347.75,17,52,734073
"2012-09-19",0,1370.5,1370.5,1370.5,2,52,730121
"2012-09-20",0,1344.5,1344.5,1344.5,7,57,730126
"2012-09-21",0,1359,1359,1359,0,57,733497
"2012-09-24",0,1357.25,1357.25,1357.25,0,57,728281
"2012-09-25",0,1357.25,1357.25,1357.25,0,57,725429
"2012-09-26",0,1326.75,1326.75,1326.75,0,57,725027
"2012-09-27",0,1321.5,1321.5,1321.5,0,57,727396
"2012-09-28",0,1343.25,1343.25,1343.25,0,57,726328
"2012-10-01",0,1334,1334,1334,0,57,724658
"2012-10-02",0,1331.25,1331.25,1331.25,0,57,725411
"2012-10-03",0,1342.75,1342.75,1342.75,0,57,721121
"2012-10-04",0,1339.5,1339.5,1339.5,0,57,723277
"2012-10-05",0,1334.75,1334.75,1334.75,0,57,721977
"2012-10-08",0,1339.5,1339.25,1339.25,0,57,726573
"2012-10-09",0,1349.25,1349.25,1349.25,0,57,725846
"2012-10-10",1338.5,1342.5,1338.25,1342.5,0,57,718505
"2012-10-11",0,1361.25,1361.25,1361.25,5,57,708050
"2012-10-12",0,1346.5,1346.5,1346.5,0,57,711034
"2012-10-15",0,1334,1334,1334,0,57,712271
"2012-10-16",0,1336.25,1336.25,1336.25,0,57,713562
"2012-10-17",0,1345,1345,1345,0,57,715099
"2012-10-18",0,1360.75,1360.75,1360.75,0,57,713814
"2012-10-19",1360,1360,1348.25,1348.25,0,57,717145
"2012-10-22",0,1346.5,1346.5,1346.5,2,57,710651
"2012-10-23",0,1343.25,1343.25,1343.25,0,57,708946
"2012-10-24",0,1344.5,1344.5,1344.5,0,57,706472
"2012-10-25",0,1344,1344,1344,0,57,707123
"2012-10-26",0,1350.25,1350.25,1350.25,0,57,704422
"2012-10-29",0,1339,1339,1339,0,57,674090
"2012-10-30",0,1343.5,1343.5,1343.5,0,57,657532
"2012-10-31",1357,1357,1356.5,1356.5,0,57,639787
"2012-11-01",0,1361.75,1361.75,1361.75,2,57,633645
"2012-11-02",0,1349,1349,1349,0,57,634646
"2012-11-05",0,1345.5,1345.5,1345.5,0,57,632395
"2012-11-06",0,1353.25,1353.25,1353.25,0,57,626668
"2012-11-07",0,1354.5,1354.5,1354.5,2,57,620361
"2012-11-08",0,1346.5,1346.5,1346.5,2,57,615527
"2012-11-09",0,1330,1330,1330,0,57,614163
"2012-11-12",0,1297.5,1297.5,1297.5,0,57,603152
"2012-11-13",0,1294.75,1294.75,1294.75,0,57,605171
"2012-11-14",0,1289.5,1289.5,1289.5,2,58,604162
"2012-11-15",0,1288.5,1288.5,1288.5,17,65,600210
"2012-11-16",1284,1287.5,1284,1287.5,12,66,605051
"2012-11-19",0,1301,1301,1301,84,121,601897
"2012-11-20",0,1315,1315,1315,0,121,598632
"2012-11-21",0,1315,1315,1315,0,0,0
"2012-11-22",1308,1310,1308,1308,0,0,0
"2012-11-23",0,1308.5,1308.5,1308.5,5,121,606472
"2012-11-26",1312.5,1317,1312.5,1317,0,121,606326
"2012-11-27",0,1330.5,1330.5,1330.5,229,252,606712
"2012-11-28",1320,1322.5,1319,1322.5,0,252,603386
"2012-11-29",1325.5,1326.25,1322.75,1324.5,22,253,601640
"2012-11-30",0,1320.75,1320.75,1320.75,17,253,603040
"2012-12-03",1325.75,1331,1323,1323.5,0,253,595841
"2012-12-04",1323,1323,1320.5,1320.5,103,281,591680
"2012-12-05",1325,1334.5,1325,1334.5,25,296,593934
"2012-12-06",1332,1340,1332,1338.75,77,317,596472
"2012-12-07",1340.25,1341,1332.25,1333.5,23,323,592109
"2012-12-10",1340.5,1340.5,1339.5,1339.5,19,331,591167
"2012-12-11",1340.5,1342.25,1326.75,1326.75,5,331,585861
"2012-12-12",0,1324.5,1324.5,1324.5,34,350,599332
"2012-12-13",0,1316.5,1316.5,1316.5,50,355,603576
"2012-12-14",1319.5,1324,1319.5,1324,0,355,614866
"2012-12-17",1318.5,1326.75,1316,1325.5,13,352,611890
"2012-12-18",1318,1318.25,1318,1318.25,23,372,617006
"2012-12-19",1311,1316.5,1311,1316.5,41,364,611685
"2012-12-20",0,1305.5,1305.5,1305.5,27,376,604127
"2012-12-21",0,1320,1320,1320,2,377,592328
"2012-12-24",0,1326.5,1326.5,1326.5,14,380,575226
"2012-12-26",0,1317.75,1317.75,1317.75,4,380,569969
"2012-12-27",0,1320.75,1320.75,1320.75,0,380,563629
"2012-12-28",0,1328.5,1328.5,1328.5,22,376,555678
"2012-12-31",0,1324,1324,1324,8,377,546876
"2013-01-02",1336,1336,1309,1317.5,37,408,546273
"2013-01-03",1302.75,1314.25,1302.75,1314.25,45,436,548932
"2013-01-04",0,1300.25,1300.25,1300.25,22,442,544418
"2013-01-07",0,1307.5,1307.5,1307.5,26,452,545592
"2013-01-08",0,1305.75,1305.75,1305.75,32,460,541046
"2013-01-09",1301.75,1310,1301.75,1310,13,467,539444
"2013-01-10",1307.5,1307.75,1304.25,1304.25,52,473,537423
"2013-01-11",1296,1296,1287,1289,55,500,537141
"2013-01-14",0,1308.25,1308.25,1308.25,44,532,538809
"2013-01-15",1306.5,1307.25,1300.75,1300.75,39,556,537905
"2013-01-16",1309.5,1312.75,1308,1312.75,54,578,532386
"2013-01-17",0,1302.75,1302.75,1302.75,30,577,533479
"2013-01-18",0,1310,1310,1310,25,587,536578
"2013-01-21",0,1310,1310,1310,0,0,0
"2013-01-22",1323,1325.5,1321.5,1325.5,0,587,540364
"2013-01-23",1320,1324,1313.5,1316,58,616,548246
"2013-01-24",1312,1316.25,1312,1316.25,57,609,551565
"2013-01-25",1313,1313.75,1312.75,1313.75,93,674,553764
"2013-01-28",1316.25,1319.5,1316,1319.5,33,706,558544
"2013-01-29",1325.25,1328,1321.5,1324.75,22,728,563939
"2013-01-30",1335,1343.75,1335,1342.25,34,755,574109
"2013-01-31",1343.75,1344.5,1325.5,1337.25,82,801,587360
"2013-02-01",1342,1342,1338.25,1338.25,62,814,594047
"2013-02-04",1346,1346.25,1344,1345.25,81,821,599230
"2013-02-05",1341,1350.75,1341,1350.75,172,831,602336
"2013-02-06",1338.75,1340,1338.75,1340,12,830,607910
"2013-02-07",1333.5,1333.5,1324.75,1328.75,114,839,610700
"2013-02-08",1299,1299.25,1292.75,1292.75,112,887,619698
"2013-02-11",1282.5,1282.5,1280,1280,120,885,622005
"2013-02-12",1281.25,1283,1279,1281.25,46,881,621389
"2013-02-13",1276,1280.25,1276,1280.25,167,958,618804
"2013-02-14",1274.5,1277.5,1271,1276.75,58,971,621471
"2013-02-15",0,1273.25,1273.25,1273.25,141,1003,626989
"2013-02-18",0,1273.25,1273.25,1273.25,0,0,0
"2013-02-19",0,1285.25,1285.25,1285.25,29,1006,634210
"2013-02-20",1296.25,1297.25,1296.25,1297.25,9,1010,639507
"2013-02-21",0,1287,1287,1287,95,1014,630410
"2013-02-22",0,1274,1272.25,1274,3,1016,624565
"2013-02-25",0,1274.75,1274.75,1274.75,41,1021,614089
"2013-02-26",1270.5,1273.25,1260.5,1264.75,39,1022,609882
"2013-02-27",1260.25,1266.5,1260.25,1266.5,52,1046,598065
"2013-02-28",0,1268.25,1268.25,1268.25,24,1060,601304
"2013-03-01",1268.25,1270,1268.25,1270,204,1092,599452
"2013-03-05",1281.75,1285.75,1281,1285.75,124,1193,598665
"2013-03-06",1284.75,1288.75,1284.5,1288.75,84,1242,593116
"2013-03-07",1288.75,1288.75,1285.25,1287.25,18,1253,592049
"2013-03-08",1287.5,1287.5,1274,1278,58,1280,591581
"2013-03-11",1277.5,1280.5,1277.5,1279.25,113,1340,598359
"2013-03-12",1280,1280,1277.25,1278.25,72,1361,601976
"2013-03-13",1275.75,1275.75,1265.5,1271.75,85,1388,605100
"2013-03-14",1266.75,1266.75,1265.75,1266.75,75,1401,600822
"2013-03-15",1270.75,1272.75,1270.75,1272.75,97,1450,601392
"2013-03-18",1265,1271,1265,1271,97,1495,595760
"2013-03-19",1269.25,1269.25,1267.5,1267.75,66,1522,589298
"2013-03-20",1271.75,1274.5,1270.25,1274.5,15,1533,582483
"2013-03-21",1275,1287.25,1275,1285.75,69,1532,581291
"2013-03-22",0,1275.25,1275.25,1275.25,63,1540,582574
"2013-03-25",1277,1281.25,1277,1281.25,159,1562,581253
"2013-03-26",1281.5,1288.5,1281.5,1288.5,69,1573,579981
"2013-03-27",1288.5,1290.25,1287.25,1290,42,1578,577889
"2013-03-28",1287.5,1287.5,1262.5,1262.75,32,1580,577218
"2013-03-29",1287.5,1287.5,1262.5,1262.75,0,0,0
"2013-04-01",1262.25,1270.25,1260.5,1266.5,94,1558,564693
"2013-04-02",1273.25,1273.25,1262.75,1267,49,1551,565716
"2013-04-03",1253.5,1253.75,1248.5,1252.25,341,1693,564799
"2013-04-04",1248.25,1255.25,1242.75,1254.25,213,1802,574751
"2013-04-05",1248.5,1250.25,1248.5,1249.75,176,1889,581129
"2013-04-08",1255.75,1255.75,1249.75,1254.75,92,1948,585072
"2013-04-09",1257.75,1264,1257.75,1264,464,1990,588606
"2013-04-10",1264.5,1264.5,1258.25,1258.25,92,1993,576117
"2013-04-12",1250,1255,1246,1255,556,2220,564293
"2013-04-15",1245,1245,1230.25,1232,521,2250,564976
"2013-04-16",1234.5,1245,1234.5,1244.5,362,2436,558275
"2013-04-17",1240.5,1247,1240,1245,250,2517,558529
"2013-04-18",1252.25,1252.5,1243,1249.5,251,2606,563642
"2013-04-19",1252,1252,1239.75,1239.75,261,2638,557632
"2013-04-22",1226.5,1230.75,1226.5,1230.75,193,2775,566544
"2013-04-23",1227.25,1228,1224,1224.75,539,3000,572557
"2013-04-24",1224.25,1226.5,1215.25,1221.5,384,3216,575432
"2013-04-25",1229,1233.25,1224.75,1233.25,183,3266,567449
"2013-04-26",1227.5,1237,1226,1236.5,172,3283,556541
"2013-04-29",1235,1255.5,1234,1254,73,3303,543920
"2013-04-30",1257,1257,1242.75,1247,254,3389,541250
"2013-05-01",1238.75,1239.25,1229.75,1234.25,762,3923,538163
"2013-05-02",1237,1237,1229,1229,361,4045,535894
"2013-05-03",1234.25,1249.5,1234,1248.25,264,4150,536912
"2013-05-06",1235.25,1239.75,1232.5,1234.25,331,4290,541639
"2013-05-07",1239.25,1243,1233.25,1241.5,141,4408,536780
"2013-05-08",1246.75,1246.75,1235.5,1241.25,321,4587,536505
"2013-05-09",1244.25,1244.25,1242.5,1244.25,230,4741,541528
"2013-05-13",1229.25,1236.25,1229.25,1236.25,478,5137,555280
"2013-05-14",1238.5,1242.75,1230,1240.5,233,5339,556364
"2013-05-15",1239.75,1244.75,1234.5,1236,316,5519,564426
"2013-05-16",1232.75,1241.25,1232.75,1239.75,329,5667,569127
"2013-05-17",1242.5,1248.75,1234.75,1248.75,831,5866,578256
"2013-05-20",1243,1247.25,1233.5,1247.25,519,6041,580796
"2013-05-21",1242.25,1245.25,1239.25,1240.5,192,6085,579830
"2013-05-22",1247.75,1257.25,1246.25,1257,400,5970,582728
"2013-05-23",1261.75,1269.75,1253.25,1260.5,788,6156,585466
"2013-05-24",1264.25,1267,1259,1265.5,562,6235,589237
"2013-05-27",1264.25,1267,1259,1265.5,0,0,0
"2013-05-28",1267.5,1297,1267.5,1297,501,6408,588718
"2013-05-29",1294,1302.5,1291,1297,1766,6773,581322
"2013-05-30",1302,1302,1287,1298.25,1146,7226,580614
"2013-05-31",1302.5,1324.5,1302.5,1314,636,7312,582537
"2013-06-03",1318.5,1338.75,1316.5,1333.25,3080,8106,594695
"2013-06-04",1330,1330,1313,1322.75,3205,7997,598052
"2013-06-05",1322.5,1322.5,1305.75,1307.75,801,8220,600318
"2013-06-06",1304.75,1314.75,1295.75,1314,570,8206,602828
"2013-06-07",1316.75,1335.25,1316.75,1333,1193,7961,605329
"2013-06-10",1326.75,1333,1315.5,1326.5,3262,8378,610417
"2013-06-11",1328,1336.25,1326,1336.25,1039,7998,607193
"2013-06-12",1335,1335,1315,1327.5,584,8040,612807
"2013-06-13",1327.5,1331,1304,1315.5,912,8316,614252
"2013-06-14",1321,1321,1303.5,1312,1184,8668,617481
"2013-06-17",1300.75,1305.25,1298.25,1305.25,1326,8530,616432
"2013-06-18",1308,1310,1303,1305,1668,8720,621705
"2013-06-19",1303.75,1326.5,1302.25,1320.5,530,8614,621572
"2013-06-20",1305.75,1305.75,1286,1287.25,1944,8373,624503
"2013-06-21",1285.75,1288.25,1275,1279.25,1704,8644,621591
"2013-06-24",1269.75,1281,1267,1281,643,8678,587745
"2013-06-25",1281,1288.25,1278.5,1281.75,698,8650,574543
"2013-06-26",1279.75,1282.5,1270,1276.75,1067,8516,562572
"2013-06-27",1279.75,1284.25,1268.25,1276.25,1558,8762,553660
"2013-06-28",1274.25,1276,1253,1258.75,1300,9089,542250
"2013-07-01",1250,1266.25,1250,1255.25,1417,8934,531866
"2013-07-02",1263.75,1263.75,1252.25,1253.75,1169,8854,527273
"2013-07-03",1260.75,1266.5,1256,1265.25,845,9000,523071
"2013-07-04",1260.75,1266.5,1256,1265.25,0,0,0
"2013-07-05",1261.25,1262.5,1239.75,1242,2204,9504,526077
"2013-07-08",1248,1265,1247.25,1263.75,922,9692,522586
"2013-07-09",1265,1292.75,1265,1282.75,1041,9713,520284
"2013-07-10",1285.5,1296,1281,1283.75,1900,9997,517972
"2013-07-11",1291.5,1291.5,1271.75,1289.25,3073,10908,523291
"2013-07-12",1290.75,1290.75,1258.75,1260.25,2840,10605,525651
"2013-07-15",1255.5,1271.25,1255.5,1269.5,879,10834,522877
"2013-07-16",1273,1293.25,1272.25,1283.75,588,10768,519896
"2013-07-17",1286,1286,1273.5,1282.5,1364,11110,522786
"2013-07-18",1269.75,1276,1264.25,1267,1305,11146,528254
"2013-07-19",1267.25,1279.25,1264.5,1274.25,938,11131,522527
"2013-07-22",1275.75,1288.5,1270.75,1279.5,1108,11353,520114
"2013-07-23",1272.75,1286,1262.75,1263,1127,11544,527451
"2013-07-24",1266,1273,1251,1257.5,1945,11753,526975
"2013-07-25",1256,1260.5,1223.75,1230.5,1744,12058,521548
"2013-07-26",1228.5,1241,1218.5,1238.5,2455,12317,507504
"2013-07-29",1227.5,1236.25,1220.25,1232,2004,12131,495508
"2013-07-30",1228.75,1235,1208,1211.5,1621,12302,490741
"2013-07-31",1206.75,1220,1204.75,1217,1809,12800,490251
"2013-08-01",1219.5,1219.5,1201.25,1205.5,1434,12668,491835
"2013-08-02",1207.5,1219.75,1190,1194.75,2439,12593,492411
"2013-08-05",1195,1203.5,1186,1200.5,2283,12903,491801
"2013-08-06",1198.75,1200,1184.5,1185,1783,13232,493786
"2013-08-07",1186.25,1191.75,1180,1182.25,2254,13570,496025
"2013-08-08",1182.5,1201.25,1182,1197.25,1440,13739,496959
"2013-08-09",1194.25,1207,1194.25,1197.25,3120,13667,502890
"2013-08-12",1205,1236.75,1204.5,1235,1516,13591,509917
"2013-08-13",1233,1250,1229.5,1231,4344,14231,508701
"2013-08-14",1232.25,1238.5,1219.25,1236.5,4691,14367,514193
"2013-08-15",1236.5,1253,1236.5,1248.5,4834,15100,525234
"2013-08-16",1248.5,1254.25,1233.75,1236,5012,16103,534182
"2013-08-19",1246,1255,1242.25,1251,4055,16532,536336
"2013-08-20",1248.25,1256.25,1243.75,1244.75,6586,17542,548529
"2013-08-21",1245.5,1268.75,1245,1252.75,5191,17497,545780
"2013-08-22",1252,1262.75,1245.75,1245.75,4524,17924,560204
"2013-08-23",1246.25,1276.5,1246.25,1274.75,4273,18263,569282
"2013-08-26",1285,1324.5,1285,1314.5,6647,18571,570625
"2013-08-27",1315,1330,1297.25,1302.75,12850,21611,566630
"2013-08-28",1304.25,1326.5,1303,1310.25,11714,25198,571623
"2013-08-29",1310.75,1318,1299,1303.75,7193,25032,581804
"2013-08-30",1304.5,1315.75,1288,1307.75,3753,25389,579413
"2013-09-02",1304.5,1315.75,1288,1307.75,0,0,0
"2013-09-03",1327.75,1344,1317.75,1322,5873,26657,587861
"2013-09-04",1320.25,1321.75,1287.5,1298.75,5804,27868,591014
"2013-09-05",1301,1313.25,1280.25,1309.25,5756,27885,599377
"2013-09-06",1311.25,1314,1297,1304.25,5077,28469,609044
"2013-09-09",1315,1317,1294.5,1303,5888,28866,610583
"2013-09-10",1293.25,1306.75,1290,1303,5806,29901,612086
"2013-09-11",1303.5,1309,1298.75,1307,2837,29888,611277
"2013-09-12",1307,1324.5,1291,1322.5,4648,29631,605874
"2013-09-13",1325,1326.75,1303.75,1307,9981,30670,616740
"2013-09-16",1300,1302,1277.5,1288.75,8007,31954,619026
"2013-09-17",1286,1304.75,1281.5,1291.5,5571,31904,613690
"2013-09-18",1288.75,1303.25,1285.75,1299.25,5212,31982,613082
"2013-09-19",1300.5,1308,1287.25,1293.75,7137,32372,616074
"2013-09-20",1292,1292.75,1264.75,1270.5,4900,32724,620674
"2013-09-23",1265,1275,1263.5,1267.5,7160,32875,626789
"2013-09-24",1266.5,1280.75,1265.75,1271.5,4112,33157,620873
"2013-09-25",1272,1279.75,1263.5,1274.75,3640,32814,620378
"2013-09-26",1273.75,1274,1267.5,1268,5905,33393,624017
"2013-09-27",1268,1273.25,1262.75,1264.5,4657,34011,628884
"2013-09-30",1261,1261.25,1240,1241.75,5860,33888,625787
"2013-10-01",1237.75,1240,1227.5,1229,7237,34458,622509
"2013-10-02",1229,1239,1224,1234,11778,33771,616871
"2013-10-03",1232,1246,1230.25,1245,8089,33537,616666
"2013-10-04",1244.5,1255,1239.25,1253.25,6384,34996,617611
"2013-10-07",1252,1262,1247.5,1260.75,4375,35185,615665
"2013-10-08",1261.25,1269,1245.25,1252.5,7017,36052,615952
"2013-10-09",1251.25,1253.5,1244,1247.5,12509,36713,623084
"2013-10-10",1244.5,1260,1243.75,1251.5,8607,37473,624416
"2013-10-11",1251.75,1253.5,1234,1235,10187,39008,631194
"2013-10-14",1231.75,1249.5,1230.5,1242,8443,39903,639468
"2013-10-15",1241.25,1247.75,1237.25,1240.5,11384,40567,645509
"2013-10-16",1240.75,1249.75,1239.25,1246.75,8255,40126,641739
"2013-10-17",1246.75,1255.75,1244.5,1254.5,8601,41350,653284
"2013-10-18",1253,1259.75,1248.25,1253.5,8757,41962,654235
"2013-10-21",1252.25,1263.5,1252,1260.5,7416,41811,651023
"2013-10-22",1260.25,1260.25,1250.75,1256.75,6106,43128,654914
"2013-10-23",1252.75,1267.25,1252.5,1262.25,4365,43839,652099
"2013-10-24",1262.25,1266.25,1258.75,1259.5,7766,44546,655213
"2013-10-25",1259.5,1261.75,1246.25,1249.75,10703,47207,654259
"2013-10-28",1249,1250,1230,1231,9479,47373,627727
"2013-10-29",1230,1239.25,1229,1237,8808,47029,596553
"2013-10-30",1237.25,1248,1237.25,1242.5,11314,48353,584429
"2013-10-31",1240,1250,1232.25,1234.75,8092,48698,571693
"2013-11-01",1234.75,1241,1223.25,1224.5,10007,50027,565513
"2013-11-04",1225.75,1237,1224.25,1227.75,9062,51684,562825
"2013-11-05",1228.25,1235.5,1221,1224.5,9160,52869,566980
"2013-11-06",1225,1232,1224.75,1228.5,8285,53649,563696
"2013-11-07",1227.5,1236.5,1223.5,1230.25,7030,53721,566474
"2013-11-08",1227.25,1254.5,1225,1253.25,14161,52721,569880
"2013-11-11",1253,1261.25,1244.75,1257.75,21059,52424,573146
"2013-11-12",1257.5,1279,1250.25,1271.5,11523,53486,573659
"2013-11-13",1270,1278,1265,1276,15825,54571,577983
"2013-11-14",1274,1280,1266.25,1275.75,12884,54303,581217
"2013-11-15",1273,1275.25,1243.25,1245,9280,53998,585960
"2013-11-18",1245,1256.25,1243.5,1255,11797,53871,580950
"2013-11-19",1253,1258,1241.25,1249.25,7644,55534,584949
"2013-11-20",1251.5,1254.75,1246.75,1250.25,16191,55543,580418
"2013-11-21",1252,1261.25,1251.5,1260.75,7983,56074,582667
"2013-11-22",1260.25,1284.25,1259.5,1284,9829,55914,580549
"2013-11-25",1282.25,1290,1273.25,1288.25,18673,55286,592375
"2013-11-26",1285,1287.5,1276.5,1284.75,14938,56519,596943
"2013-11-27",1284.25,1292.75,1278.25,1282.25,16225,56807,606008
"2013-11-28",1284.25,1292.75,1278.25,1282.25,0,0,0
"2013-11-29",1285,1292,1283.75,1288,17198,57484,611550
"2013-12-02",1287.75,1293.75,1274.5,1278.75,8385,58509,618939
"2013-12-03",1278.25,1285.5,1272.25,1279.75,11381,59464,620152
"2013-12-04",1280.25,1291.25,1276,1288,11318,60378,617949
"2013-12-05",1287,1291.25,1280,1289.75,13570,61377,619403
"2013-12-06",1288.5,1289.25,1280.75,1287.75,10910,61393,621986
"2013-12-09",1286.25,1303,1286.25,1299.75,8915,62830,627208
"2013-12-10",1298.25,1301.25,1283,1291.25,12045,63846,633121
"2013-12-11",1291.5,1297.5,1287,1296.75,21283,63818,641333
"2013-12-12",1296.75,1299.75,1276.25,1283.25,8452,64146,642104
"2013-12-13",1282,1284.75,1272.75,1284,19345,65808,639987
"2013-12-16",1285.5,1299.25,1278.25,1294,6667,65889,638677
"2013-12-17",1292,1305,1286.5,1303.25,9774,66790,644866
"2013-12-18",1301.75,1307,1286.5,1287,12617,65453,650859
"2013-12-19",1287,1294.25,1279,1293,13577,64963,642539
"2013-12-20",1292,1304.75,1288.25,1301.25,12557,65002,643113
"2013-12-23",1306,1309.75,1289.75,1290.75,10821,65930,634665
"2013-12-24",1291.25,1297,1286.75,1293.75,5757,65898,632289
"2013-12-26",1292,1292,1275.75,1278.75,3250,65929,628599
"2013-12-27",1279.25,1287.5,1278.75,1286.25,6261,66394,608358
"2013-12-30",1280.25,1286.75,1271.5,1278.75,6426,67167,589057
"2013-12-31",1280.25,1286.75,1271.5,1278.75,0,0,0
"2014-01-02",1265,1265,1238.25,1246.25,9418,67597,575755
"2014-01-03",1247,1257,1242.5,1248.25,21655,69261,571208
"2014-01-06",1249.5,1256,1245,1251,20159,70985,564099
"2014-01-07",1251,1254.25,1242,1247.5,13292,71811,564362
"2014-01-08",1246,1247.75,1234.75,1237,18806,74482,569064
"2014-01-09",1236.75,1245,1235,1240.5,21094,76214,574650
"2014-01-10",1240.5,1258.75,1238,1246,16122,77470,579974
"2014-01-13",1245,1262.75,1237,1260.75,33511,77919,587126
"2014-01-14",1259.25,1276.25,1255,1272.75,23960,77534,593689
"2014-01-15",1272,1283,1268.75,1281.25,28148,77390,594132
"2014-01-16",1280,1292.25,1276.75,1281.25,21430,78213,592957
"2014-01-17",1280,1283.5,1273.25,1282,25070,79490,605421
"2014-01-20",1280,1283.5,1273.25,1282,0,0,0
"2014-01-21",1278.5,1280.5,1248.75,1249.75,15764,80893,610741
"2014-01-22",1249,1256.25,1244.25,1252.25,21397,80832,603947
"2014-01-23",1253,1268.75,1248.75,1250.25,27553,79777,592410
"2014-01-24",1249,1258.75,1234,1257.75,24320,79734,590882
"2014-01-27",1257.75,1261,1248.75,1256.5,31916,80541,587806
"2014-01-28",1256,1258.5,1247.75,1256.5,23110,80037,587065
"2014-01-29",1255,1255.75,1240,1242.5,17124,81564,591907
"2014-01-30",1242,1256.75,1234.75,1246,24822,84559,605698
"2014-01-31",1246.5,1253,1242.25,1252,28160,85679,609031
"2014-02-03",1250.5,1267.75,1248.75,1262.25,19479,85260,612077
"2014-02-04",1262,1281.75,1260.5,1279.5,18500,86251,615040
"2014-02-05",1277.5,1285,1271,1280.75,31614,88885,624487
"2014-02-06",1278.75,1296.25,1278,1292.75,24216,90580,634810
"2014-02-07",1291.25,1299,1286.5,1298,39544,95820,654931
"2014-02-10",1293.5,1307.5,1288,1295.5,32834,102892,667899
"2014-02-11",1294,1304,1284,1301.75,39854,106546,675837
"2014-02-12",1301.5,1306.5,1289,1292.25,31853,107865,683209
"2014-02-13",1292.25,1314,1290.75,1312,29057,109552,675833
"2014-02-14",1309.25,1321.25,1306.75,1307.5,38465,113691,688960
"2014-02-17",1309.25,1321.25,1306.75,1307.5,0,0,0
"2014-02-18",1308.25,1330.5,1306,1330.25,29274,116325,685570
"2014-02-19",1330,1339.5,1320.5,1324.75,29792,120529,691004
"2014-02-20",1324,1334,1315.75,1331.75,30776,122338,695095
"2014-02-21",1331,1346.25,1325.75,1344.75,30995,124421,701891
"2014-02-24",1345,1361.25,1343,1358.25,34287,125217,695706
"2014-02-25",1357.25,1371.25,1349.5,1370,48355,130398,700979
"2014-02-26",1368.5,1375,1363.25,1373.25,42674,131898,704089
"2014-02-27",1370,1416.75,1365,1366.75,66223,134816,692844
"2014-02-28",1365.25,1386.75,1352.75,1385.25,80909,131931,678120
"2014-03-03",1388,1402.5,1376,1381.5,43088,132923,677326
"2014-03-04",1381.5,1398,1377,1396.5,46736,132302,672502
"2014-03-05",1398,1401,1385.5,1395.25,37136,133003,668093
"2014-03-06",1396.25,1413.25,1391,1409.5,45942,130465,659651
"2014-03-07",1408.25,1429,1404.25,1424.75,40211,132728,664293
"2014-03-10",1420.75,1423.75,1390,1394.25,55273,130357,658776
"2014-03-11",1394.5,1405,1386.5,1391.25,56059,129078,662607
"2014-03-12",1387,1388.25,1350.25,1368.5,54089,131628,670093
"2014-03-13",1371,1394.5,1362.5,1378,65477,134741,664084
"2014-03-14",1375,1382.75,1363.5,1371.75,61912,136157,672398
"2014-03-17",1372.25,1380,1361,1375.25,34487,134587,664579
"2014-03-18",1373.25,1397.5,1368.25,1395.75,24480,135357,659451
"2014-03-19",1394,1417,1394,1410.75,43598,136344,656245
"2014-03-20",1409.5,1429,1397.25,1410,55336,130671,643041
"2014-03-21",1408.25,1409.25,1380,1382.25,59809,129718,636457
"2014-03-24",1378.5,1403.75,1368,1398.75,42988,131094,627536
"2014-03-25",1399,1408,1388.5,1401.25,42931,132215,623512
"2014-03-26",1399.5,1411.75,1394.25,1410,23134,133584,624304
"2014-03-27",1409,1418.75,1401,1407,32451,136470,627294
"2014-03-28",1406,1412.5,1400,1407.75,30914,138746,627995
"2014-03-31",1404.75,1432,1394.5,1429.5,36408,138659,629001
"2014-04-01",1429,1461.25,1427,1457.25,67753,139933,635842
"2014-04-02",1456.25,1470,1434.25,1441.25,66838,146324,638252
"2014-04-03",1440,1457,1437.25,1454.25,74247,149335,637533
"2014-04-04",1453.75,1466,1444.25,1455,47088,155856,641236
"2014-04-07",1453.5,1460.75,1442.5,1448.25,42672,156595,635387
"2014-04-08",1447.5,1463.25,1444.25,1461.5,58181,170394,638905
"2014-04-09",1461,1490,1460.5,1478,76826,184747,642178
"2014-04-10",1477,1478.75,1458.75,1465.5,98721,197966,650780
"2014-04-11",1464,1465.25,1444.25,1447.25,65632,204757,649842
"2014-04-14",1446,1464.5,1444.75,1463.5,75081,223335,653889
"2014-04-15",1463,1493.75,1460.25,1487.5,84719,246317,661967
"2014-04-17",1507.25,1521,1492.5,1502.25,95219,270476,672479
"2014-04-18",1507.25,1521,1492.5,1502.25,0,0,0
"2014-04-21",1503.75,1512.25,1473.5,1487.25,91203,277649,672304
"2014-04-22",1489.5,1497,1470,1470.75,69793,282646,669104
"2014-04-23",1472,1479,1460.5,1464.75,108107,290526,662154
"2014-04-24",1463.75,1472,1460.5,1470,102503,290620,655530
"2014-04-25",1470.25,1496,1470,1494.25,89452,292714,647774
"2014-04-28",1496.5,1513,1490.75,1500,119418,302885,628044
"2014-04-29",1499.5,1520.5,1494,1517.25,113960,302432,613465
"2014-04-30",1517.25,1517.75,1502.25,1512.75,103571,313722,611142
"2014-05-01",1510.5,1512,1460,1461,76328,310137,605923
"2014-05-02",1462.5,1472,1451,1470.75,126619,301773,595287
"2014-05-05",1475.5,1482.5,1461,1463.25,86286,296040,587797
"2014-05-06",1464.75,1464.75,1443.25,1459.5,61538,295308,589047
"2014-05-07",1456.75,1457.5,1441.75,1446.25,88344,289013,582430
"2014-05-08",1447.25,1470.25,1446.25,1469.5,82514,287049,581647
"2014-05-09",1467.25,1491.5,1453,1487,82794,288093,586963
"2014-05-12",1487,1496,1462.5,1465.25,107822,284915,587211
"2014-05-13",1463.75,1485,1460.5,1483.75,79353,281571,586497
"2014-05-14",1483,1489.5,1467,1486.75,63178,282359,590462
"2014-05-15",1486,1493.5,1462.5,1470.25,90590,280719,595432
"2014-05-16",1469.25,1478.5,1461.5,1465,99019,279684,599504
"2014-05-19",1463.75,1492.75,1456.25,1485.25,62692,273827,595276
"2014-05-20",1484,1501,1468.5,1469.75,94674,275048,603962
"2014-05-21",1469,1507.75,1467.5,1505.25,85714,276292,607366
"2014-05-22",1505,1536.75,1503,1518.75,92239,275557,612271
"2014-05-23",1519,1529,1512.25,1515.5,127418,275186,618385
"2014-05-26",1519,1529,1512.25,1515.5,0,0,0
"2014-05-27",1510.5,1515.5,1486.5,1488.75,61663,273195,623752
"2014-05-28",1488.25,1502,1482.75,1497.75,79673,264070,618301
"2014-05-29",1498,1508.75,1493.25,1499,59173,259984,619520
"2014-05-30",1501.5,1506.5,1491,1493.25,60119,258119,620309
"2014-06-02",1488,1511.75,1478.25,1500.5,53201,255978,621573
"2014-06-03",1497.5,1502,1475,1481.25,80719,257610,632663
"2014-06-04",1481.25,1495.75,1475.75,1482.5,94325,243507,628560
"2014-06-05",1482.5,1487.25,1460,1460.5,77246,236419,629194
"2014-06-06",1461,1466.5,1456,1457,100870,221722,626863
"2014-06-09",1458.25,1469.75,1452,1457,79585,205723,621123
"2014-06-10",1457,1475.25,1454.25,1462.5,90654,192812,622115
"2014-06-11",1461.75,1466.5,1444.5,1445.5,96312,183566,632121
"2014-06-12",1444,1452.75,1410,1415.25,116254,164485,627417
"2014-06-13",1415,1429,1411,1425.75,139658,142484,623640
"2014-06-16",1427.75,1435.5,1417.5,1421.75,62657,137048,625215
"2014-06-17",1421.5,1425.25,1395.75,1398.25,77649,127352,619555
"2014-06-18",1398.5,1419,1393.5,1409,92060,112194,616886
"2014-06-19",1409.5,1422,1406,1420.75,67269,105739,616477
"2014-06-20",1421.5,1423,1402.25,1415.75,51600,94684,613944
"2014-06-23",1423,1434.5,1404.5,1424.75,62962,83706,604810
"2014-06-24",1423,1423,1407,1413.5,62252,67222,600616
"2014-06-25",1413.75,1422,1411.25,1415.75,60215,63713,608364
"2014-06-26",1416.5,1438.75,1415,1437,49180,48371,604569
"2014-06-27",1433.5,1440.75,1425.75,1432,52923,36035,601023
"2014-06-30",1434.5,1448,1380.5,1400.5,46875,20983,591679
"2014-07-01",1400.5,1409.25,1380,1400,17766,11886,597681
"2014-07-02",1399.75,1410,1392.5,1392.5,5871,8945,596424
"2014-07-03",1395.5,1399.75,1387,1387.75,5674,6389,597616
"2014-07-04",1395.5,1399.75,1387,1387.75,0,0,0
"2014-07-07",1386,1386,1358,1363,2692,4281,600153
"2014-07-08",1362.25,1363.25,1325.5,1329.75,1891,3177,606569
"2014-07-09",1325.75,1337,1314,1334.5,2956,1987,606259
"2014-07-10",1330,1347.75,1326,1329.75,1044,1422,611152
"2014-07-11",1329.75,1340.25,1249.25,1295.75,958,749,612205
"2014-07-14",1302.5,1308.5,1293.5,1295,992,299,620907
